{
    "name": "root",
    "metadata": {
        "timer_format_version": "0.1.0",
        "start_time_seconds": "1637749197",
        "python_version": "3.8.12 (default, Oct 12 2021, 03:01:40) [MSC v.1916 64 bit (AMD64)]",
        "command_line_arguments": "D:\\Anaconda\\envs\\mlagents-latest\\Scripts\\mlagents-learn Mover.yaml --run-id jump07",
        "mlagents_version": "0.27.0",
        "mlagents_envs_version": "0.27.0",
        "communication_protocol_version": "1.5.0",
        "pytorch_version": "1.7.1+cu110",
        "numpy_version": "1.21.4",
        "end_time_seconds": "1637749228"
    },
    "total": 30.672141199999995,
    "count": 1,
    "self": 0.009353099999994896,
    "children": {
        "run_training.setup": {
            "total": 0.13590060000000004,
            "count": 1,
            "self": 0.13590060000000004
        },
        "TrainerController.start_learning": {
            "total": 30.5268875,
            "count": 1,
            "self": 0.021603599999988177,
            "children": {
                "TrainerController._reset_env": {
                    "total": 21.4774639,
                    "count": 1,
                    "self": 21.4774639
                },
                "TrainerController.advance": {
                    "total": 8.927668300000015,
                    "count": 807,
                    "self": 0.010241400000069234,
                    "children": {
                        "env_step": {
                            "total": 8.917426899999946,
                            "count": 807,
                            "self": 6.50608429999998,
                            "children": {
                                "SubprocessEnvManager._take_step": {
                                    "total": 2.401276300000035,
                                    "count": 807,
                                    "self": 0.04286270000004322,
                                    "children": {
                                        "TorchPolicy.evaluate": {
                                            "total": 2.3584135999999916,
                                            "count": 807,
                                            "self": 0.8657996000000701,
                                            "children": {
                                                "TorchPolicy.sample_actions": {
                                                    "total": 1.4926139999999215,
                                                    "count": 807,
                                                    "self": 1.4926139999999215
                                                }
                                            }
                                        }
                                    }
                                },
                                "workers": {
                                    "total": 0.010066299999930806,
                                    "count": 806,
                                    "self": 0.0,
                                    "children": {
                                        "worker_root": {
                                            "total": 10.299816200000013,
                                            "count": 806,
                                            "is_parallel": true,
                                            "self": 4.637831800000011,
                                            "children": {
                                                "steps_from_proto": {
                                                    "total": 0.0004966000000017345,
                                                    "count": 1,
                                                    "is_parallel": true,
                                                    "self": 0.0002957000000023413,
                                                    "children": {
                                                        "_process_rank_one_or_two_observation": {
                                                            "total": 0.00020089999999939323,
                                                            "count": 2,
                                                            "is_parallel": true,
                                                            "self": 0.00020089999999939323
                                                        }
                                                    }
                                                },
                                                "UnityEnvironment.step": {
                                                    "total": 5.6614878,
                                                    "count": 806,
                                                    "is_parallel": true,
                                                    "self": 0.06346399999996422,
                                                    "children": {
                                                        "UnityEnvironment._generate_step_input": {
                                                            "total": 0.053362100000022394,
                                                            "count": 806,
                                                            "is_parallel": true,
                                                            "self": 0.053362100000022394
                                                        },
                                                        "communicator.exchange": {
                                                            "total": 5.321239900000027,
                                                            "count": 806,
                                                            "is_parallel": true,
                                                            "self": 5.321239900000027
                                                        },
                                                        "steps_from_proto": {
                                                            "total": 0.22342179999998635,
                                                            "count": 806,
                                                            "is_parallel": true,
                                                            "self": 0.14895740000001112,
                                                            "children": {
                                                                "_process_rank_one_or_two_observation": {
                                                                    "total": 0.07446439999997523,
                                                                    "count": 1612,
                                                                    "is_parallel": true,
                                                                    "self": 0.07446439999997523
                                                                }
                                                            }
                                                        }
                                                    }
                                                }
                                            }
                                        }
                                    }
                                }
                            }
                        }
                    }
                },
                "trainer_threads": {
                    "total": 2.7500000001623448e-05,
                    "count": 1,
                    "self": 2.7500000001623448e-05,
                    "children": {
                        "thread_root": {
                            "total": 0.0,
                            "count": 0,
                            "is_parallel": true,
                            "self": 0.0,
                            "children": {
                                "trainer_advance": {
                                    "total": 8.935023499999971,