{
    "name": "root",
    "gauges": {
        "Mover.Policy.Entropy.mean": {
            "value": 0.6913930177688599,
            "min": 0.6913930177688599,
            "max": 0.6913930177688599,
            "count": 1
        },
        "Mover.Policy.Entropy.sum": {
            "value": 1384.8602294921875,
            "min": 1384.8602294921875,
            "max": 1384.8602294921875,
            "count": 1
        },
        "Mover.Step.mean": {
            "value": 1999.0,
            "min": 1999.0,
            "max": 1999.0,
            "count": 1
        },
        "Mover.Step.sum": {
            "value": 1999.0,
            "min": 1999.0,
            "max": 1999.0,
            "count": 1
        },
        "Mover.Policy.ExtrinsicValueEstimate.mean": {
            "value": 0.36668455600738525,
            "min": 0.36668455600738525,
            "max": 0.36668455600738525,
            "count": 1
        },
        "Mover.Policy.ExtrinsicValueEstimate.sum": {
            "value": 245.67864990234375,
            "min": 245.67864990234375,
            "max": 245.67864990234375,
            "count": 1
        },
        "Mover.Environment.EpisodeLength.mean": {
            "value": 61.935483870967744,
            "min": 61.935483870967744,
            "max": 61.935483870967744,
            "count": 1
        },
        "Mover.Environment.EpisodeLength.sum": {
            "value": 1920.0,
            "min": 1920.0,
            "max": 1920.0,
            "count": 1
        },
        "Mover.Environment.CumulativeReward.mean": {
            "value": -0.9032258064516129,
            "min": -0.9032258064516129,
            "max": -0.9032258064516129,
            "count": 1
        },
        "Mover.Environment.CumulativeReward.sum": {
            "value": -28.0,
            "min": -28.0,
            "max": -28.0,
            "count": 1
        },
        "Mover.Policy.ExtrinsicReward.mean": {
            "value": -0.9032258064516129,
            "min": -0.9032258064516129,
            "max": -0.9032258064516129,
            "count": 1
        },
        "Mover.Policy.ExtrinsicReward.sum": {
            "value": -28.0,
            "min": -28.0,
            "max": -28.0,
            "count": 1
        },
        "Mover.Losses.PolicyLoss.mean": {
            "value": 0.1293700437416278,
            "min": 0.1293700437416278,
            "max": 0.1293700437416278,
            "count": 1
        },
        "Mover.Losses.PolicyLoss.sum": {
            "value": 0.9055903061913947,
            "min": 0.9055903061913947,
            "max": 0.9055903061913947,
            "count": 1
        },
        "Mover.Losses.ValueLoss.mean": {
            "value": 0.07328921306387721,
            "min": 0.07328921306387721,
            "max": 0.07328921306387721,
            "count": 1
        },
        "Mover.Losses.ValueLoss.sum": {
            "value": 0.5130244914471405,
            "min": 0.5130244914471405,
            "max": 0.5130244914471405,
            "count": 1
        },
        "Mover.Policy.LearningRate.mean": {
            "value": 0.0002993802859208571,
            "min": 0.0002993802859208571,
            "max": 0.0002993802859208571,
            "count": 1
        },
        "Mover.Policy.LearningRate.sum": {
            "value": 0.002095662001446,
            "min": 0.002095662001446,
            "max": 0.002095662001446,
            "count": 1
        },
        "Mover.Policy.Epsilon.mean": {
            "value": 0.19979342857142854,
            "min": 0.19979342857142854,
            "max": 0.19979342857142854,
            "count": 1
        },
        "Mover.Policy.Epsilon.sum": {
            "value": 1.3985539999999999,
            "min": 1.3985539999999999,
            "max": 1.3985539999999999,
            "count": 1
        },
        "Mover.Policy.Beta.mean": {
            "value": 0.004989692085714286,
            "min": 0.004989692085714286,
            "max": 0.004989692085714286,
            "count": 1
        },
        "Mover.Policy.Beta.sum": {
            "value": 0.0349278446,
            "min": 0.0349278446,
            "max": 0.0349278446,
            "count": 1
        },
        "Mover.IsTraining.mean": {
            "value": 1.0,
            "min": 1.0,
            "max": 1.0,
            "count": 1
        },
        "Mover.IsTraining.sum": {
            "value": 1.0,
            "min": 1.0,
            "max": 1.0,
            "count": 1
        }
    },
    "metadata": {
        "timer_format_version": "0.1.0",
        "start_time_seconds": "1637746698",
        "python_version": "3.8.12 (default, Oct 12 2021, 03:01:40) [MSC v.1916 64 bit (AMD64)]",
        "command_line_arguments": "D:\\Anaconda\\envs\\mlagents-latest\\Scripts\\mlagents-learn Mover.yaml --run-id jump02",
        "mlagents_version": "0.27.0",
        "mlagents_envs_version": "0.27.0",
        "communication_protocol_version": "1.5.0",
        "pytorch_version": "1.7.1+cu110",
        "numpy_version": "1.21.4",
        "end_time_seconds": "1637746745"
    },
    "total": 47.5588429,
    "count": 1,
    "self": 0.00741710000000495,
    "children": {
        "run_training.setup": {
            "total": 0.13513609999999998,
            "count": 1,
            "self": 0.13513609999999998
        },
        "TrainerController.start_learning": {
            "total": 47.4162897,
            "count": 1,
            "self": 0.08443219999986695,
            "children": {
                "TrainerController._reset_env": {
                    "total": 11.464113099999999,
                    "count": 1,
                    "self": 11.464113099999999
                },
                "TrainerController.advance": {
                    "total": 35.78413230000014,
                    "count": 3119,
                    "self": 0.038669999999982,
                    "children": {
                        "env_step": {
                            "total": 35.745462300000156,
                            "count": 3119,
                            "self": 27.14470979999993,
                            "children": {
                                "SubprocessEnvManager._take_step": {
                                    "total": 8.560411900000032,
                                    "count": 3119,
                                    "self": 0.1663152999998836,
                                    "children": {
                                        "TorchPolicy.evaluate": {
                                            "total": 8.394096600000148,
                                            "count": 3071,
                                            "self": 3.3245888000003223,
                                            "children": {
                                                "TorchPolicy.sample_actions": {
                                                    "total": 5.069507799999826,
                                                    "count": 3071,
                                                    "self": 5.069507799999826
                                                }
                                            }
                                        }
                                    }
                                },
                                "workers": {
                                    "total": 0.04034060000019579,
                                    "count": 3118,
                                    "self": 0.0,
                                    "children": {
                                        "worker_root": {
                                            "total": 37.75465659999995,
                                            "count": 3118,
                                            "is_parallel": true,
                                            "self": 13.78646090000003,