{
    "name": "root",
    "gauges": {
        "Mover.Policy.Entropy.mean": {
            "value": 0.6618701219558716,
            "min": 0.6618701219558716,
            "max": 0.6914893984794617,
            "count": 4
        },
        "Mover.Policy.Entropy.sum": {
            "value": 1323.740234375,
            "min": 1323.740234375,
            "max": 1391.276611328125,
            "count": 4
        },
        "Mover.Step.mean": {
            "value": 7999.0,
            "min": 1999.0,
            "max": 7999.0,
            "count": 4
        },
        "Mover.Step.sum": {
            "value": 7999.0,
            "min": 1999.0,
            "max": 7999.0,
            "count": 4
        },
        "Mover.Policy.ExtrinsicValueEstimate.mean": {
            "value": 0.07079706341028214,
            "min": -0.015849536284804344,
            "max": 0.08299969136714935,
            "count": 4
        },
        "Mover.Policy.ExtrinsicValueEstimate.sum": {
            "value": 47.221641540527344,
            "min": -10.635038375854492,
            "max": 55.36079406738281,
            "count": 4
        },
        "Mover.Environment.EpisodeLength.mean": {
            "value": 101.57894736842105,
            "min": 84.47368421052632,
            "max": 101.57894736842105,
            "count": 4
        },
        "Mover.Environment.EpisodeLength.sum": {
            "value": 1930.0,
            "min": 1605.0,
            "max": 2137.0,
            "count": 4
        },
        "Mover.Environment.CumulativeReward.mean": {
            "value": 0.5263157894736842,
            "min": -0.47368421052631576,
            "max": 0.8260869565217391,
            "count": 4
        },
        "Mover.Environment.CumulativeReward.sum": {
            "value": 10.0,
            "min": -9.0,
            "max": 19.0,
            "count": 4
        },
        "Mover.Policy.ExtrinsicReward.mean": {
            "value": 0.5263157894736842,
            "min": -0.47368421052631576,
            "max": 0.8260869565217391,
            "count": 4
        },
        "Mover.Policy.ExtrinsicReward.sum": {
            "value": 10.0,
            "min": -9.0,
            "max": 19.0,
            "count": 4
        },
        "Mover.Losses.PolicyLoss.mean": {
            "value": 0.14406152842275333,
            "min": 0.12673039651209755,
            "max": 0.14406152842275333,
            "count": 4
        },
        "Mover.Losses.PolicyLoss.sum": {
            "value": 1.1524922273820266,
            "min": 0.8871127755846828,
            "max": 1.1524922273820266,
            "count": 4
        },
        "Mover.Losses.ValueLoss.mean": {
            "value": 0.09828582177882103,
            "min": 0.08469224624319134,
            "max": 0.09828582177882103,
            "count": 4
        },
        "Mover.Losses.ValueLoss.sum": {
            "value": 0.7862865742305682,
            "min": 0.5928457237023393,
            "max": 0.7862865742305682,
            "count": 4
        },
        "Mover.Policy.LearningRate.mean": {
            "value": 0.00029581462639512494,
            "min": 0.00029581462639512494,
            "max": 0.0002993712859238571,
            "count": 4
        },
        "Mover.Policy.LearningRate.sum": {
            "value": 0.0023665170111609995,
            "min": 0.0020790204069931996,
            "max": 0.0023855208048264,
            "count": 4
        },
        "Mover.Policy.Epsilon.mean": {
            "value": 0.19860487500000001,
            "min": 0.19860487500000001,
            "max": 0.19979042857142862,
            "count": 4
        },
        "Mover.Policy.Epsilon.sum": {
            "value": 1.5888390000000001,
            "min": 1.3930068,
            "max": 1.5951736,
            "count": 4
        },
        "Mover.Policy.Beta.mean": {
            "value": 0.0049303832625,
            "min": 0.0049303832625,
            "max": 0.004989542385714286,
            "count": 4
        },
        "Mover.Policy.Beta.sum": {
            "value": 0.0394430661,
            "min": 0.03465103932000001,
            "max": 0.03975916264,
            "count": 4
        },
        "Mover.IsTraining.mean": {
            "value": 1.0,
            "min": 1.0,
            "max": 1.0,
            "count": 4
        },
        "Mover.IsTraining.sum": {
            "value": 1.0,
            "min": 1.0,
            "max": 1.0,
            "count": 4
        }
    },
    "metadata": {
        "timer_format_version": "0.1.0",
        "start_time_seconds": "1637747696",
        "python_version": "3.8.12 (default, Oct 12 2021, 03:01:40) [MSC v.1916 64 bit (AMD64)]",
        "command_line_arguments": "D:\\Anaconda\\envs\\mlagents-latest\\Scripts\\mlagents-learn Mover.yaml --run-id jump04",
        "mlagents_version": "0.27.0",
        "mlagents_envs_version": "0.27.0",
        "communication_protocol_version": "1.5.0",
        "pytorch_version": "1.7.1+cu110",
        "numpy_version": "1.21.4",
        "end_time_seconds": "1637747739"
    },
    "total": 42.8027866,
    "count": 1,
    "self": 0.006809400000001631,
    "children": {
        "run_training.setup": {
            "total": 0.1377484,
            "count": 1,
            "self": 0.1377484
        },
        "TrainerController.start_learning": {
            "total": 42.658228799999996,
            "count": 1,
            "self": 0.07262270000004634,
            "children": {
                "TrainerController._reset_env": {
                    "total": 11.990590699999998,
                    "count": 1,
                    "self": 11.990590699999998
                },
                "TrainerController.advance": {
                    "total": 30.50405939999995,
                    "count": 2317,
                    "self": 0.02825999999996398,
                    "children": {
                        "env_step": {
                            "total": 30.475799399999985,
                            "count": 2317,
                            "self": 22.380913500000077,
                            "children": {
                                "SubprocessEnvManager._take_step": {
                                    "total": 8.064759699999952,
                                    "count": 2317,
                                    "self": 0.12919919999987606,
                                    "children": {
                                        "TorchPolicy.evaluate": {
                                            "total": 7.935560500000076,
                                            "count": 2261,
                                            "self": 2.7638740000000332,
                                            "children": {
                                                "TorchPolicy.sample_actions": {
                                                    "total": 5.1716865000000425,
                                                    "count": 2261,
                                                    "self": 5.1716865000000425
                                                }
                                            }
                                        }
                                    }
                                },
                                "workers": {
                                    "total": 0.030126199999958914,
                                    "count": 2316,
                                    "self": 0.0,
                                    "children": {
                                        "worker_root": {
                                            "total": 31.997735399999915,
                                            "count": 2316,
                                            "is_parallel": true,
                                            "self": 15.935010900000027,