{
    "name": "root",
    "gauges": {
        "Mover.Policy.Entropy.mean": {
            "value": 0.6825200915336609,
            "min": 0.6796594858169556,
            "max": 0.6930166482925415,
            "count": 29
        },
        "Mover.Policy.Entropy.sum": {
            "value": 1343.882080078125,
            "min": 1343.882080078125,
            "max": 1409.7572021484375,
            "count": 29
        },
        "Mover.Step.mean": {
            "value": 57997.0,
            "min": 1999.0,
            "max": 57997.0,
            "count": 29
        },
        "Mover.Step.sum": {
            "value": 57997.0,
            "min": 1999.0,
            "max": 57997.0,
            "count": 29
        },
        "Mover.Policy.ExtrinsicValueEstimate.mean": {
            "value": -0.164839968085289,
            "min": -0.16983531415462494,
            "max": 0.20570294559001923,
            "count": 29
        },
        "Mover.Policy.ExtrinsicValueEstimate.sum": {
            "value": -109.78341674804688,
            "min": -113.11032104492188,
            "max": 139.05519104003906,
            "count": 29
        },
        "Mover.Environment.EpisodeLength.mean": {
            "value": 59.0,
            "min": 59.0,
            "max": 65.03333333333333,
            "count": 29
        },
        "Mover.Environment.EpisodeLength.sum": {
            "value": 1947.0,
            "min": 1888.0,
            "max": 2009.0,
            "count": 29
        },
        "Mover.Environment.CumulativeReward.mean": {
            "value": -1.0,
            "min": -1.0,
            "max": -0.8,
            "count": 29
        },
        "Mover.Environment.CumulativeReward.sum": {
            "value": -34.0,
            "min": -34.0,
            "max": -24.0,
            "count": 29
        },
        "Mover.Policy.ExtrinsicReward.mean": {
            "value": -1.0,
            "min": -1.0,
            "max": -0.8,
            "count": 29
        },
        "Mover.Policy.ExtrinsicReward.sum": {
            "value": -34.0,
            "min": -34.0,
            "max": -24.0,
            "count": 29
        },
        "Mover.Losses.PolicyLoss.mean": {
            "value": 0.13938533806330747,
            "min": 0.11560303533527379,
            "max": 0.14427271723980084,
            "count": 29
        },
        "Mover.Losses.PolicyLoss.sum": {
            "value": 0.9756973664431523,
            "min": 0.8567082119795183,
            "max": 1.1541817379184067,
            "count": 29
        },
        "Mover.Losses.ValueLoss.mean": {
            "value": 0.0011692597940314694,
            "min": 0.0011564330066751913,
            "max": 0.06283323390414894,
            "count": 29
        },
        "Mover.Losses.ValueLoss.sum": {
            "value": 0.008184818558220286,
            "min": 0.008164907932950882,
            "max": 0.4398326373290426,
            "count": 29
        },
        "Mover.Policy.LearningRate.mean": {
            "value": 0.0002657868114044,
            "min": 0.0002657868114044,
            "max": 0.0002993801144923428,
            "count": 29
        },
        "Mover.Policy.LearningRate.sum": {
            "value": 0.0018605076798308,
            "min": 0.0018605076798308,
            "max": 0.002385756004748,
            "count": 29
        },
        "Mover.Policy.Epsilon.mean": {
            "value": 0.1885956,
            "min": 0.1885956,
            "max": 0.19979337142857143,
            "count": 29
        },
        "Mover.Policy.Epsilon.sum": {
            "value": 1.3201692,
            "min": 1.3201692,
            "max": 1.5952520000000001,
            "count": 29
        },
        "Mover.Policy.Beta.mean": {
            "value": 0.0044309204400000005,
            "min": 0.0044309204400000005,
            "max": 0.004989689234285714,
            "count": 29
        },
        "Mover.Policy.Beta.sum": {
            "value": 0.03101644308,
            "min": 0.03101644308,
            "max": 0.039763074800000006,
            "count": 29
        },
        "Mover.IsTraining.mean": {
            "value": 1.0,
            "min": 1.0,
            "max": 1.0,
            "count": 29
        },
        "Mover.IsTraining.sum": {
            "value": 1.0,
            "min": 1.0,
            "max": 1.0,
            "count": 29
        }
    },
    "metadata": {
        "timer_format_version": "0.1.0",
        "start_time_seconds": "1637746170",
        "python_version": "3.8.12 (default, Oct 12 2021, 03:01:40) [MSC v.1916 64 bit (AMD64)]",
        "command_line_arguments": "D:\\Anaconda\\envs\\mlagents-latest\\Scripts\\mlagents-learn Mover.yaml --run-id jump01",
        "mlagents_version": "0.27.0",
        "mlagents_envs_version": "0.27.0",
        "communication_protocol_version": "1.5.0",
        "pytorch_version": "1.7.1+cu110",
        "numpy_version": "1.21.4",
        "end_time_seconds": "1637746665"
    },
    "total": 494.33814119999994,
    "count": 1,
    "self": 0.01398899999992409,
    "children": {
        "run_training.setup": {
            "total": 0.39427269999999837,
            "count": 1,
            "self": 0.39427269999999837
        },
        "TrainerController.start_learning": {
            "total": 493.9298795,
            "count": 1,
            "self": 1.49920079999373,
            "children": {
                "TrainerController._reset_env": {
                    "total": 18.811441399999996,
                    "count": 1,
                    "self": 18.811441399999996
                },
                "TrainerController.advance": {
                    "total": 472.58806080000636,
                    "count": 60088,
                    "self": 0.7290309000036928,
                    "children": {
                        "env_step": {
                            "total": 471.85902990000267,
                            "count": 60088,
                            "self": 313.5290577000058,
                            "children": {
                                "SubprocessEnvManager._take_step": {
                                    "total": 157.53793109999822,
                                    "count": 60088,
                                    "self": 3.2818769999990423,
                                    "children": {
                                        "TorchPolicy.evaluate": {
                                            "total": 154.25605409999918,
                                            "count": 59117,
                                            "self": 59.977860400007785,
                                            "children": {
                                                "TorchPolicy.sample_actions": {
                                                    "total": 94.27819369999139,
                                                    "count": 59117,
                                                    "self": 94.27819369999139
                                                }
                                            }
                                        }
                                    }
                                },
                                "workers": {
                                    "total": 0.7920410999986487,
                                    "count": 60087,
                                    "self": 0.0,
                                    "children": {
                                        "worker_root": {
                                            "total": 483.04110079999907,
                                            "count": 60087,
                                            "is_parallel": true,
                                            "self": 232.1419573999968,
                                            "children": {
                                                "steps_from_proto": {
                                                    "total": 0.00043689999999863005,
                                                    "count": 1,